--
-- PostgreSQL database dump
--

-- Dumped from database version 12.22 (Ubuntu 12.22-0ubuntu0.20.04.4)
-- Dumped by pg_dump version 12.22 (Ubuntu 12.22-0ubuntu0.20.04.4)

SET statement_timeout = 0;
SET lock_timeout = 0;
SET idle_in_transaction_session_timeout = 0;
SET client_encoding = 'UTF8';
SET standard_conforming_strings = on;
SELECT pg_catalog.set_config('search_path', '', false);
SET check_function_bodies = false;
SET xmloption = content;
SET client_min_messages = warning;
SET row_security = off;

DROP DATABASE universe;
--
-- Name: universe; Type: DATABASE; Schema: -; Owner: freecodecamp
--

CREATE DATABASE universe WITH TEMPLATE = template0 ENCODING = 'UTF8' LC_COLLATE = 'C.UTF-8' LC_CTYPE = 'C.UTF-8';


ALTER DATABASE universe OWNER TO freecodecamp;

\connect universe

SET statement_timeout = 0;
SET lock_timeout = 0;
SET idle_in_transaction_session_timeout = 0;
SET client_encoding = 'UTF8';
SET standard_conforming_strings = on;
SELECT pg_catalog.set_config('search_path', '', false);
SET check_function_bodies = false;
SET xmloption = content;
SET client_min_messages = warning;
SET row_security = off;

SET default_tablespace = '';

SET default_table_access_method = heap;

--
-- Name: galaxy; Type: TABLE; Schema: public; Owner: freecodecamp
--

CREATE TABLE public.galaxy (
    galaxy_id integer NOT NULL,
    name character varying(50) NOT NULL,
    description text,
    has_life boolean NOT NULL,
    age_in_millions_of_years integer NOT NULL,
    distance_from_center integer
);


ALTER TABLE public.galaxy OWNER TO freecodecamp;

--
-- Name: galaxy_galaxy_id_seq; Type: SEQUENCE; Schema: public; Owner: freecodecamp
--

CREATE SEQUENCE public.galaxy_galaxy_id_seq
    AS integer
    START WITH 1
    INCREMENT BY 1
    NO MINVALUE
    NO MAXVALUE
    CACHE 1;


ALTER TABLE public.galaxy_galaxy_id_seq OWNER TO freecodecamp;

--
-- Name: galaxy_galaxy_id_seq; Type: SEQUENCE OWNED BY; Schema: public; Owner: freecodecamp
--

ALTER SEQUENCE public.galaxy_galaxy_id_seq OWNED BY public.galaxy.galaxy_id;


--
-- Name: galaxy_types; Type: TABLE; Schema: public; Owner: freecodecamp
--

CREATE TABLE public.galaxy_types (
    galaxy_types_id integer NOT NULL,
    name character varying(50) NOT NULL,
    description text NOT NULL
);


ALTER TABLE public.galaxy_types OWNER TO freecodecamp;

--
-- Name: galaxy_types_galaxy_types_id_seq; Type: SEQUENCE; Schema: public; Owner: freecodecamp
--

CREATE SEQUENCE public.galaxy_types_galaxy_types_id_seq
    AS integer
    START WITH 1
    INCREMENT BY 1
    NO MINVALUE
    NO MAXVALUE
    CACHE 1;


ALTER TABLE public.galaxy_types_galaxy_types_id_seq OWNER TO freecodecamp;

--
-- Name: galaxy_types_galaxy_types_id_seq; Type: SEQUENCE OWNED BY; Schema: public; Owner: freecodecamp
--

ALTER SEQUENCE public.galaxy_types_galaxy_types_id_seq OWNED BY public.galaxy_types.galaxy_types_id;


--
-- Name: moon; Type: TABLE; Schema: public; Owner: freecodecamp
--

CREATE TABLE public.moon (
    moon_id integer NOT NULL,
    name character varying(50) NOT NULL,
    description text,
    is_spherical boolean NOT NULL,
    planet_id integer NOT NULL,
    diameter_km integer
);


ALTER TABLE public.moon OWNER TO freecodecamp;

--
-- Name: moon_moon_id_seq; Type: SEQUENCE; Schema: public; Owner: freecodecamp
--

CREATE SEQUENCE public.moon_moon_id_seq
    AS integer
    START WITH 1
    INCREMENT BY 1
    NO MINVALUE
    NO MAXVALUE
    CACHE 1;


ALTER TABLE public.moon_moon_id_seq OWNER TO freecodecamp;

--
-- Name: moon_moon_id_seq; Type: SEQUENCE OWNED BY; Schema: public; Owner: freecodecamp
--

ALTER SEQUENCE public.moon_moon_id_seq OWNED BY public.moon.moon_id;


--
-- Name: planet; Type: TABLE; Schema: public; Owner: freecodecamp
--

CREATE TABLE public.planet (
    planet_id integer NOT NULL,
    name character varying(50) NOT NULL,
    has_life boolean NOT NULL,
    is_spherical boolean NOT NULL,
    star_id integer NOT NULL,
    mass_multiplier numeric(10,2),
    orbital_period_days integer
);


ALTER TABLE public.planet OWNER TO freecodecamp;

--
-- Name: planet_planet_id_seq; Type: SEQUENCE; Schema: public; Owner: freecodecamp
--

CREATE SEQUENCE public.planet_planet_id_seq
    AS integer
    START WITH 1
    INCREMENT BY 1
    NO MINVALUE
    NO MAXVALUE
    CACHE 1;


ALTER TABLE public.planet_planet_id_seq OWNER TO freecodecamp;

--
-- Name: planet_planet_id_seq; Type: SEQUENCE OWNED BY; Schema: public; Owner: freecodecamp
--

ALTER SEQUENCE public.planet_planet_id_seq OWNED BY public.planet.planet_id;


--
-- Name: star; Type: TABLE; Schema: public; Owner: freecodecamp
--

CREATE TABLE public.star (
    star_id integer NOT NULL,
    name character varying(50) NOT NULL,
    is_spherical boolean NOT NULL,
    distance_from_earth numeric(15,2) NOT NULL,
    galaxy_id integer NOT NULL,
    surface_temperature integer
);


ALTER TABLE public.star OWNER TO freecodecamp;

--
-- Name: star_star_id_seq; Type: SEQUENCE; Schema: public; Owner: freecodecamp
--

CREATE SEQUENCE public.star_star_id_seq
    AS integer
    START WITH 1
    INCREMENT BY 1
    NO MINVALUE
    NO MAXVALUE
    CACHE 1;


ALTER TABLE public.star_star_id_seq OWNER TO freecodecamp;

--
-- Name: star_star_id_seq; Type: SEQUENCE OWNED BY; Schema: public; Owner: freecodecamp
--

ALTER SEQUENCE public.star_star_id_seq OWNED BY public.star.star_id;


--
-- Name: galaxy galaxy_id; Type: DEFAULT; Schema: public; Owner: freecodecamp
--

ALTER TABLE ONLY public.galaxy ALTER COLUMN galaxy_id SET DEFAULT nextval('public.galaxy_galaxy_id_seq'::regclass);


--
-- Name: galaxy_types galaxy_types_id; Type: DEFAULT; Schema: public; Owner: freecodecamp
--

ALTER TABLE ONLY public.galaxy_types ALTER COLUMN galaxy_types_id SET DEFAULT nextval('public.galaxy_types_galaxy_types_id_seq'::regclass);


--
-- Name: moon moon_id; Type: DEFAULT; Schema: public; Owner: freecodecamp
--

ALTER TABLE ONLY public.moon ALTER COLUMN moon_id SET DEFAULT nextval('public.moon_moon_id_seq'::regclass);


--
-- Name: planet planet_id; Type: DEFAULT; Schema: public; Owner: freecodecamp
--

ALTER TABLE ONLY public.planet ALTER COLUMN planet_id SET DEFAULT nextval('public.planet_planet_id_seq'::regclass);


--
-- Name: star star_id; Type: DEFAULT; Schema: public; Owner: freecodecamp
--

ALTER TABLE ONLY public.star ALTER COLUMN star_id SET DEFAULT nextval('public.star_star_id_seq'::regclass);


--
-- Data for Name: galaxy; Type: TABLE DATA; Schema: public; Owner: freecodecamp
--

INSERT INTO public.galaxy VALUES (1, 'Milky Way', NULL, true, 13600, 0);
INSERT INTO public.galaxy VALUES (2, 'Andromeda', NULL, false, 10000, 2500);
INSERT INTO public.galaxy VALUES (3, 'Triangulum', NULL, false, 12000, 3000);
INSERT INTO public.galaxy VALUES (4, 'Sombrero', NULL, false, 13000, 28000);
INSERT INTO public.galaxy VALUES (5, 'Whirlpool', NULL, false, 400, 23000);
INSERT INTO public.galaxy VALUES (6, 'Black Eye', NULL, false, 10000, 17000);


--
-- Data for Name: galaxy_types; Type: TABLE DATA; Schema: public; Owner: freecodecamp
--

INSERT INTO public.galaxy_types VALUES (1, 'Spiral', 'Disk-shaped with spiral arms');
INSERT INTO public.galaxy_types VALUES (2, 'Elliptical', 'Elongated sphere shape');
INSERT INTO public.galaxy_types VALUES (3, 'Irregular', 'No distinct regular shape');


--
-- Data for Name: moon; Type: TABLE DATA; Schema: public; Owner: freecodecamp
--

INSERT INTO public.moon VALUES (1, 'Moon', NULL, true, 3, 3474);
INSERT INTO public.moon VALUES (2, 'Phobos', NULL, false, 4, 22);
INSERT INTO public.moon VALUES (3, 'Deimos', NULL, false, 4, 12);
INSERT INTO public.moon VALUES (4, 'Io', NULL, true, 5, 3643);
INSERT INTO public.moon VALUES (5, 'Europa', NULL, true, 5, 3121);
INSERT INTO public.moon VALUES (6, 'Ganymede', NULL, true, 5, 5268);
INSERT INTO public.moon VALUES (7, 'Callisto', NULL, true, 5, 4820);
INSERT INTO public.moon VALUES (8, 'Titan', NULL, true, 6, 5150);
INSERT INTO public.moon VALUES (9, 'Enceladus', NULL, true, 6, 504);
INSERT INTO public.moon VALUES (10, 'Mimas', NULL, true, 6, 396);
INSERT INTO public.moon VALUES (11, 'Lapetus', NULL, true, 6, 1469);
INSERT INTO public.moon VALUES (12, 'Dione', NULL, true, 6, 1122);
INSERT INTO public.moon VALUES (13, 'Rhea', NULL, true, 6, 1527);
INSERT INTO public.moon VALUES (14, 'Tethys', NULL, true, 6, 1062);
INSERT INTO public.moon VALUES (15, 'Miranda', NULL, true, 7, 471);
INSERT INTO public.moon VALUES (16, 'Ariel', NULL, true, 7, 1158);
INSERT INTO public.moon VALUES (17, 'Umbriel', NULL, true, 7, 1169);
INSERT INTO public.moon VALUES (18, 'Titania', NULL, true, 7, 1577);
INSERT INTO public.moon VALUES (19, 'Oberon', NULL, true, 7, 1522);
INSERT INTO public.moon VALUES (20, 'Triton', NULL, true, 8, 2706);


--
-- Data for Name: planet; Type: TABLE DATA; Schema: public; Owner: freecodecamp
--

INSERT INTO public.planet VALUES (1, 'Mercury', false, true, 1, NULL, 88);
INSERT INTO public.planet VALUES (2, 'Venus', false, true, 1, NULL, 225);
INSERT INTO public.planet VALUES (3, 'Earth', true, true, 1, NULL, 365);
INSERT INTO public.planet VALUES (4, 'Mars', false, true, 1, NULL, 687);
INSERT INTO public.planet VALUES (5, 'Jupiter', false, true, 1, NULL, 4333);
INSERT INTO public.planet VALUES (6, 'Saturn', false, true, 1, NULL, 10759);
INSERT INTO public.planet VALUES (7, 'Uranus', false, true, 1, NULL, 30687);
INSERT INTO public.planet VALUES (8, 'Neptune', false, true, 1, NULL, 60190);
INSERT INTO public.planet VALUES (9, 'Kepler-186f', true, true, 3, NULL, 130);
INSERT INTO public.planet VALUES (10, 'Gliese 581g', true, true, 3, NULL, 37);
INSERT INTO public.planet VALUES (11, 'Proxima b', true, true, 3, NULL, 11);
INSERT INTO public.planet VALUES (12, 'Osiris', false, true, 5, NULL, 3);


--
-- Data for Name: star; Type: TABLE DATA; Schema: public; Owner: freecodecamp
--

INSERT INTO public.star VALUES (1, 'Sun', true, 0.00, 1, 5778);
INSERT INTO public.star VALUES (2, 'Sirius', true, 8.60, 1, 9940);
INSERT INTO public.star VALUES (3, 'Proxima Centauri', true, 4.24, 1, 3042);
INSERT INTO public.star VALUES (4, 'Betelgeuse', true, 642.00, 1, 3500);
INSERT INTO public.star VALUES (5, 'Rigel', true, 860.00, 1, 12100);
INSERT INTO public.star VALUES (6, 'Vega', true, 25.00, 1, 9600);


--
-- Name: galaxy_galaxy_id_seq; Type: SEQUENCE SET; Schema: public; Owner: freecodecamp
--

SELECT pg_catalog.setval('public.galaxy_galaxy_id_seq', 6, true);


--
-- Name: galaxy_types_galaxy_types_id_seq; Type: SEQUENCE SET; Schema: public; Owner: freecodecamp
--

SELECT pg_catalog.setval('public.galaxy_types_galaxy_types_id_seq', 3, true);


--
-- Name: moon_moon_id_seq; Type: SEQUENCE SET; Schema: public; Owner: freecodecamp
--

SELECT pg_catalog.setval('public.moon_moon_id_seq', 20, true);


--
-- Name: planet_planet_id_seq; Type: SEQUENCE SET; Schema: public; Owner: freecodecamp
--

SELECT pg_catalog.setval('public.planet_planet_id_seq', 12, true);


--
-- Name: star_star_id_seq; Type: SEQUENCE SET; Schema: public; Owner: freecodecamp
--

SELECT pg_catalog.setval('public.star_star_id_seq', 6, true);


--
-- Name: galaxy galaxy_name_key; Type: CONSTRAINT; Schema: public; Owner: freecodecamp
--

ALTER TABLE ONLY public.galaxy
    ADD CONSTRAINT galaxy_name_key UNIQUE (name);


--
-- Name: galaxy galaxy_pkey; Type: CONSTRAINT; Schema: public; Owner: freecodecamp
--

ALTER TABLE ONLY public.galaxy
    ADD CONSTRAINT galaxy_pkey PRIMARY KEY (galaxy_id);


--
-- Name: galaxy_types galaxy_types_name_key; Type: CONSTRAINT; Schema: public; Owner: freecodecamp
--

ALTER TABLE ONLY public.galaxy_types
    ADD CONSTRAINT galaxy_types_name_key UNIQUE (name);


--
-- Name: galaxy_types galaxy_types_pkey; Type: CONSTRAINT; Schema: public; Owner: freecodecamp
--

ALTER TABLE ONLY public.galaxy_types
    ADD CONSTRAINT galaxy_types_pkey PRIMARY KEY (galaxy_types_id);


--
-- Name: moon moon_name_key; Type: CONSTRAINT; Schema: public; Owner: freecodecamp
--

ALTER TABLE ONLY public.moon
    ADD CONSTRAINT moon_name_key UNIQUE (name);


--
-- Name: moon moon_pkey; Type: CONSTRAINT; Schema: public; Owner: freecodecamp
--

ALTER TABLE ONLY public.moon
    ADD CONSTRAINT moon_pkey PRIMARY KEY (moon_id);


--
-- Name: planet planet_name_key; Type: CONSTRAINT; Schema: public; Owner: freecodecamp
--

ALTER TABLE ONLY public.planet
    ADD CONSTRAINT planet_name_key UNIQUE (name);


--
-- Name: planet planet_pkey; Type: CONSTRAINT; Schema: public; Owner: freecodecamp
--

ALTER TABLE ONLY public.planet
    ADD CONSTRAINT planet_pkey PRIMARY KEY (planet_id);


--
-- Name: star star_name_key; Type: CONSTRAINT; Schema: public; Owner: freecodecamp
--

ALTER TABLE ONLY public.star
    ADD CONSTRAINT star_name_key UNIQUE (name);


--
-- Name: star star_pkey; Type: CONSTRAINT; Schema: public; Owner: freecodecamp
--

ALTER TABLE ONLY public.star
    ADD CONSTRAINT star_pkey PRIMARY KEY (star_id);


--
-- Name: moon moon_planet_id_fkey; Type: FK CONSTRAINT; Schema: public; Owner: freecodecamp
--

ALTER TABLE ONLY public.moon
    ADD CONSTRAINT moon_planet_id_fkey FOREIGN KEY (planet_id) REFERENCES public.planet(planet_id);


--
-- Name: planet planet_star_id_fkey; Type: FK CONSTRAINT; Schema: public; Owner: freecodecamp
--

ALTER TABLE ONLY public.planet
    ADD CONSTRAINT planet_star_id_fkey FOREIGN KEY (star_id) REFERENCES public.star(star_id);


--
-- Name: star star_galaxy_id_fkey; Type: FK CONSTRAINT; Schema: public; Owner: freecodecamp
--

ALTER TABLE ONLY public.star
    ADD CONSTRAINT star_galaxy_id_fkey FOREIGN KEY (galaxy_id) REFERENCES public.galaxy(galaxy_id);


--
-- PostgreSQL database dump complete
--

